{"cameraMode":{"drawMode":0,"name":"Shaded","section":"Shading Mode"},"sceneLighting":true,"audioPlay":false,"sceneViewState":{"showFog":true,"showMaterialUpdate":false,"showSkybox":true,"showFlares":true,"showImageEffects":true,"showParticleSystems":true},"in2DMode":false,"pivot":{"x":-12.164897918701172,"y":-2.0245003700256349,"z":-4.783970832824707},"rotation":{"x":0.17477041482925416,"y":-0.6474012136459351,"z":0.15728846192359925,"w":0.7251729369163513},"size":5.182767868041992,"orthographic":false}