{"cameraMode":{"drawMode":0,"name":"Shaded","section":"Shading Mode"},"sceneLighting":true,"audioPlay":false,"sceneViewState":{"showFog":true,"showMaterialUpdate":false,"showSkybox":true,"showFlares":true,"showImageEffects":true,"showParticleSystems":true},"in2DMode":false,"pivot":{"x":-11.5953950881958,"y":-0.6231894493103027,"z":-13.144445419311524},"rotation":{"x":0.10858717560768128,"y":-0.7990735769271851,"z":0.15190429985523225,"w":0.5716524124145508},"size":4.618974685668945,"orthographic":false}