{"cameraMode":{"drawMode":0,"name":"Shaded","section":"Shading Mode"},"sceneLighting":true,"audioPlay":false,"sceneViewState":{"showFog":true,"showMaterialUpdate":false,"showSkybox":true,"showFlares":true,"showImageEffects":true,"showParticleSystems":true},"in2DMode":false,"pivot":{"x":-6.269114971160889,"y":-4.07849645614624,"z":2.265892505645752},"rotation":{"x":0.30129575729370119,"y":-0.25984394550323489,"z":0.08502376079559326,"w":0.9138364195823669},"size":7.2103447914123539,"orthographic":false}